"ticker","secid","tradedate","openprice","highestprice","lowestprice","closeprice","turnovervol","turnovervalue","accumadjfactor","isopen"
"600519","600519.SH","2019-01-02","609.98","612.0","595.01","598.98","6228649.0","3.754387984E9","7.211773","true"
"600519","600519.SH","2019-01-03","599.97","601.66","585.8","590.0","3097735.0","1.838179174E9","7.211773","true"
"600519","600519.SH","2019-01-04","587.28","607.67","582.02","602.0","3768347.0","2.258501484E9","7.211773","true"
"600519","600519.SH","2019-01-07","608.0","612.0","602.22","605.49","3475012.9999999995","2.105981461E9","7.211773","true"
"600519","600519.SH","2019-01-08","605.5","612.0","600.28","604.79","2883813.0","1.750413219E9","7.211773","true"
"600519","600519.SH","2019-01-09","609.99","626.16","609.04","616.12","4989227.0","3.084214779E9","7.211773","true"
"600519","600519.SH","2019-01-10","617.13","624.88","610.25","618.77","2904390.0","1.797683134E9","7.211773","true"
"600519","600519.SH","2019-01-11","625.0","637.0","618.75","635.88","3888421.0","2.445929483E9","7.211773","true"
"600519","600519.SH","2019-01-14","633.0","635.89","621.55","624.6","2564890.0","1.606308126E9","7.211773","true"
"600519","600519.SH","2019-01-15","627.86","661.5","625.0","659.98","5576485.0","3.613919068E9","7.211773","true"
"600519","600519.SH","2019-01-16","658.0","665.65","653.6","661.1","4208364.0","2.77510393E9","7.211773","true"
"600519","600519.SH","2019-01-17","663.0","669.7","655.8","659.25","3028476.0","2.004454115E9","7.211773","true"
"600519","600519.SH","2019-01-18","665.0","690.2","661.5","683.61","6860917.999999999","4.647515824E9","7.211773","true"
"600519","600519.SH","2019-01-21","690.0","698.88","681.88","686.98","4705193.0","3.242615722E9","7.211773","true"
"600519","600519.SH","2019-01-22","686.0","686.0","665.22","671.0","4212221.0","2.834735031E9","7.211773","true"
"600519","600519.SH","2019-01-23","667.22","674.5","663.13","665.66","3362481.0","2.247371221E9","7.211773","true"
"600519","600519.SH","2019-01-24","670.3","677.83","664.68","672.5","2915527.0","1.960227058E9","7.211773","true"
"600519","600519.SH","2019-01-25","675.88","684.9","669.93","679.7","2898635.0","1.96623209E9","7.211773","true"
"600519","600519.SH","2019-01-28","684.0","693.98","676.03","677.0","3610287.000000001","2.476277972E9","7.211773","true"
"600519","600519.SH","2019-01-29","677.5","688.0","668.0","685.0","3034259.0","2.069407513E9","7.211773","true"
"600519","600519.SH","2019-01-30","684.99","686.22","676.0","676.0","2269996.0","1.545353573E9","7.211773","true"
"600519","600519.SH","2019-01-31","680.0","689.6","677.56","689.6","3669657.0","2.51537497E9","7.211773","true"
"600519","600519.SH","2019-02-01","697.04","699.0","689.61","692.67","3052062.0","2.12132614E9","7.211773","true"
"600519","600519.SH","2019-02-11","695.0","729.5","688.18","725.3","5814075.0","4.143849806E9","7.211773","true"
"600519","600519.SH","2019-02-12","723.0","725.49","715.2","717.92","3509143.0","2.521840124E9","7.211773","true"
"600519","600519.SH","2019-02-13","723.0","736.16","717.22","735.25","3567706.0","2.589623528E9","7.211773","true"
"600519","600519.SH","2019-02-14","731.2","743.66","730.14","737.16","3225813.0","2.375987077E9","7.211773","true"
"600519","600519.SH","2019-02-15","734.88","734.88","723.02","724.78","2323798.0","1.691515518E9","7.211773","true"
"600519","600519.SH","2019-02-18","731.0","744.95","731.0","740.0","3774589.0","2.787522993E9","7.211773","true"
"600519","600519.SH","2019-02-19","740.96","742.5","726.66","730.76","2950150.0","2.164408781E9","7.211773","true"
"600519","600519.SH","2019-02-20","735.0","735.0","716.06","722.0","3788237.000000001","2.742919644E9","7.211773","true"
"600519","600519.SH","2019-02-21","720.0","730.48","717.0","720.25","2985040.0","2.163554333E9","7.211773","true"
"600519","600519.SH","2019-02-22","717.0","728.49","714.1","726.01","2590877.0","1.86725393E9","7.211773","true"
"600519","600519.SH","2019-02-25","730.75","744.44","717.99","742.33","8262259.0","6.034261367E9","7.211773","true"
"600519","600519.SH","2019-02-26","747.8","749.18","726.0","727.35","5796466.0","4.265279124E9","7.211773","true"
"600519","600519.SH","2019-02-27","733.0","758.02","731.0","740.7","6594227.0","4.908445127E9","7.211773","true"
"600519","600519.SH","2019-02-28","737.9","763.42","736.95","755.01","5698625.0","4.289145218000001E9","7.211773","true"
"600519","600519.SH","2019-03-01","761.5","790.0","761.0","789.3","6384023.0","4.952509171E9","7.211773","true"
"600519","600519.SH","2019-03-04","795.0","798.33","777.22","781.86","8458596.0","6.661386571E9","7.211773","true"
"600519","600519.SH","2019-03-05","785.0","789.55","775.88","779.78","4483056.0","3.501155936E9","7.211773","true"
"600519","600519.SH","2019-03-06","775.0","779.5","765.88","768.0","4673137.0","3.602140487E9","7.211773","true"
"600519","600519.SH","2019-03-07","762.22","762.22","745.56","748.6","6018053.0","4.526351877E9","7.211773","true"
"600519","600519.SH","2019-03-08","737.9","746.83","733.65","737.5","5227525.0","3.868415483E9","7.211773","true"
"600519","600519.SH","2019-03-11","740.04","766.95","740.04","758.54","5305724.0","4.00172873E9","7.211773","true"
"600519","600519.SH","2019-03-12","763.82","763.83","739.0","745.01","5251001.0","3.946382127E9","7.211773","true"
"600519","600519.SH","2019-03-13","745.5","760.75","745.5","754.0","4056136.0","3.058080906E9","7.211773","true"
"600519","600519.SH","2019-03-14","757.0","785.0","754.0","778.0","6217256.0","4.808607656E9","7.211773","true"
"600519","600519.SH","2019-03-15","776.0","787.5","764.85","777.3","5240071.0","4.084798328E9","7.211773","true"
"600519","600519.SH","2019-03-18","778.8","814.53","777.0","810.09","8131880.0","6.499566987E9","7.211773","true"
"600519","600519.SH","2019-03-19","803.0","807.92","792.3","792.61","4063493.0","3.24496739E9","7.211773","true"
"600519","600519.SH","2019-03-20","790.0","802.3","785.0","792.8","3111752.0","2.470811128E9","7.211773","true"
"600519","600519.SH","2019-03-21","788.0","792.8","781.5","785.75","3257328.0","2.558222913E9","7.211773","true"
"600519","600519.SH","2019-03-22","788.22","799.98","785.0","794.0","3051750.0","2.420497823E9","7.211773","true"
"600519","600519.SH","2019-03-25","786.0","788.0","773.3","775.6","3727046.0","2.903744159E9","7.211773","true"
"600519","600519.SH","2019-03-26","780.0","785.94","764.1","773.0","3759569.0","2.914112997E9","7.211773","true"
"600519","600519.SH","2019-03-27","781.0","793.88","775.0","788.5","4280739.0","3.366132247E9","7.211773","true"
"600519","600519.SH","2019-03-28","793.43","814.48","785.68","806.8","5756676.0","4.615969704E9","7.211773","true"
"600519","600519.SH","2019-03-29","835.0","866.68","830.17","853.99","9093396.0","7.702154797E9","7.211773","true"
"600519","600519.SH","2019-04-01","860.0","868.95","851.0","859.0","6093461.0","5.228521999E9","7.211773","true"
"600519","600519.SH","2019-04-02","859.99","859.99","836.06","850.0","5322705.0","4.496538849E9","7.211773","true"
"600519","600519.SH","2019-04-03","840.12","851.74","834.21","844.5","4305680.0","3.629854319E9","7.211773","true"
"600519","600519.SH","2019-04-04","840.0","865.8","836.2","865.0","5577236.0","4.763897857E9","7.211773","true"
"600519","600519.SH","2019-04-08","900.0","908.0","890.12","900.2","6625192.999999999","5.944780639E9","7.211773","true"
"600519","600519.SH","2019-04-09","903.0","908.2","892.51","905.0","4798980.0","4.308645696E9","7.211773","true"
"600519","600519.SH","2019-04-10","903.0","951.9","900.0","947.99","6781438.0","6.331858748E9","7.211773","true"
"600519","600519.SH","2019-04-11","948.0","950.0","905.55","925.2","6110254.0","5.643817564E9","7.211773","true"
"600519","600519.SH","2019-04-12","909.0","919.99","900.01","914.0","4861217.0","4.419349981E9","7.211773","true"
"600519","600519.SH","2019-04-15","931.0","939.0","907.0","907.0","4552264.0","4.205548308E9","7.211773","true"
"600519","600519.SH","2019-04-16","904.9","939.9","901.22","939.9","4642344.0","4.297385218E9","7.211773","true"
"600519","600519.SH","2019-04-17","938.0","955.51","925.0","952.0","4076102.0","3.848216557E9","7.211773","true"
"600519","600519.SH","2019-04-18","945.41","954.68","936.22","945.5","1959852.0","1.85307608E9","7.211773","true"
"600519","600519.SH","2019-04-19","943.96","960.95","931.31","952.56","3237978.0","3.064971032E9","7.211773","true"
"600519","600519.SH","2019-04-22","959.5","978.89","940.61","949.2","4062796.0","3.897168684E9","7.211773","true"
"600519","600519.SH","2019-04-23","951.0","981.22","949.2","974.95","4885205.0","4.725480295E9","7.211773","true"
"600519","600519.SH","2019-04-24","979.88","990.0","951.22","970.0","4522700.0","4.383873128E9","7.211773","true"
"600519","600519.SH","2019-04-25","968.79","973.99","951.22","952.37","3980134.0","3.822767525E9","7.211773","true"
"600519","600519.SH","2019-04-26","946.3","959.88","945.0","945.0","4327768.0","4.119727292E9","7.211773","true"
"600519","600519.SH","2019-04-29","945.0","989.0","935.0","971.97","5257230.0","5.086408528E9","7.211773","true"
"600519","600519.SH","2019-04-30","968.0","984.96","963.11","974.0","3594318.0","3.503937512E9","7.211773","true"
"600519","600519.SH","2019-05-06","925.5","935.0","893.0","906.0","1.3509968E7","1.2299395806E10","7.211773","true"
"600519","600519.SH","2019-05-07","893.28","913.94","870.22","890.0","1.0083726E7","9.045117765E9","7.211773","true"
"600519","600519.SH","2019-05-08","860.0","901.8","860.0","884.4","8188298.0","7.217709507E9","7.211773","true"
"600519","600519.SH","2019-05-09","875.0","879.87","842.5","858.81","9154515.0","7.863312116E9","7.211773","true"
"600519","600519.SH","2019-05-10","875.66","910.78","868.19","907.12","7990738.0","7.121198718E9","7.211773","true"
"600519","600519.SH","2019-05-13","898.86","910.98","884.0","892.0","4663718.0","4.179329433E9","7.211773","true"
"600519","600519.SH","2019-05-14","885.0","906.0","873.0","886.57","5998312.0","5.349455647E9","7.211773","true"
"600519","600519.SH","2019-05-15","890.24","933.0","890.24","927.0","6312425.0","5.778791845E9","7.211773","true"
"600519","600519.SH","2019-05-16","919.0","932.0","905.0","929.91","4454012.0","4.10828195E9","7.211773","true"
"600519","600519.SH","2019-05-17","927.02","932.3","900.1","906.79","4984161.0","4.551116799E9","7.211773","true"
"600519","600519.SH","2019-05-20","900.0","900.0","871.0","884.96","4440799.0","3.931645928E9","7.211773","true"
"600519","600519.SH","2019-05-21","885.0","910.0","872.02","895.0","4238565.0","3.791406204E9","7.211773","true"
"600519","600519.SH","2019-05-22","894.98","904.0","880.0","888.0","3204158.0","2.853872828E9","7.211773","true"
"600519","600519.SH","2019-05-23","881.0","883.98","856.22","861.0","5805863.0","5.062812286E9","7.211773","true"
"600519","600519.SH","2019-05-24","865.0","885.0","864.44","878.5","4403409.0","3.858962204E9","7.211773","true"
"600519","600519.SH","2019-05-27","879.1","882.99","860.05","879.0","3916191.000000001","3.417213669E9","7.211773","true"
"600519","600519.SH","2019-05-28","877.99","907.49","875.02","888.0","7477277.0","6.670856081E9","7.211773","true"
"600519","600519.SH","2019-05-29","888.01","924.95","888.01","911.91","6564696.000000001","5.963755397E9","7.211773","true"
"600519","600519.SH","2019-05-30","910.0","919.99","891.22","905.3","4024720.0","3.634187681E9","7.211773","true"
"600519","600519.SH","2019-05-31","900.53","906.99","890.0","890.0","3579380.0000000005","3.211384923E9","7.211773","true"
"600519","600519.SH","2019-06-03","892.0","901.35","886.28","892.0","3447924.0","3.07692233E9","7.211773","true"
"600519","600519.SH","2019-06-04","895.0","895.43","871.0","875.3","3968948.000000001","3.481384251E9","7.211773","true"
"600519","600519.SH","2019-06-05","884.0","886.26","870.0","871.6","3406736.0","2.98811467E9","7.211773","true"
"600519","600519.SH","2019-06-06","875.62","875.77","858.0","862.13","3478685.0","3.009567792E9","7.211773","true"
"600519","600519.SH","2019-06-10","857.98","878.95","840.0","871.08","5550246.0","4.790052574E9","7.211773","true"
"600519","600519.SH","2019-06-11","876.0","915.61","875.0","910.89","8010644.0","7.20908688E9","7.211773","true"
"600519","600519.SH","2019-06-12","906.22","910.99","894.0","906.7","3774740.0","3.420899273E9","7.211773","true"
"600519","600519.SH","2019-06-13","910.0","912.3","897.0","910.0","3291742.0","2.984741685E9","7.211773","true"
"600519","600519.SH","2019-06-14","911.0","932.3","910.02","913.0","4245504.0","3.905679105E9","7.211773","true"
"600519","600519.SH","2019-06-17","907.0","926.94","906.02","911.6","3276903.0","3.001512189E9","7.211773","true"
"600519","600519.SH","2019-06-18","917.0","920.0","902.6","917.0","2944138.0","2.687679912E9","7.211773","true"
"600519","600519.SH","2019-06-19","940.0","946.7","932.01","932.01","5372640.0","5.051192622E9","7.211773","true"
"600519","600519.SH","2019-06-20","932.5","975.5","932.2","975.0","6727197.0","6.468666073E9","7.211773","true"
"600519","600519.SH","2019-06-21","969.97","984.49","964.5","976.3","4592675.0","4.482726902E9","7.211773","true"
"600519","600519.SH","2019-06-24","978.3","999.69","975.0","987.1","4577920.0","4.532526991E9","7.211773","true"
"600519","600519.SH","2019-06-25","992.0","999.0","967.0","982.98","5129595.0","5.03562442E9","7.211773","true"
"600519","600519.SH","2019-06-26","985.0","985.0","971.22","979.86","2958818.0","2.896585581E9","7.211773","true"
"600519","600519.SH","2019-06-27","985.0","1001.0","981.12","996.35","4797845.0","4.772724089E9","7.211773","true"
"600519","600519.SH","2019-06-28","985.99","988.88","971.33","984.0","3108840.0","3.050739277E9","7.318575","true"
"600519","600519.SH","2019-07-01","1004.52","1035.6","1000.22","1031.86","5233723.0","5.325575854E9","7.318575","true"
"600519","600519.SH","2019-07-02","1025.0","1029.5","1016.0","1025.0","3906109.0","3.989722046E9","7.318575","true"
"600519","600519.SH","2019-07-03","1020.0","1023.0","981.5","987.9","6713932.000000001","6.717755678E9","7.318575","true"
"600519","600519.SH","2019-07-04","985.8","990.8","971.22","981.2","4621668.0","4.531686001E9","7.318575","true"
"600519","600519.SH","2019-07-05","986.0","1006.0","976.3","999.82","5003271.0","4.968920475E9","7.318575","true"
"600519","600519.SH","2019-07-08","995.05","997.9","975.0","984.86","3361351.9999999995","3.313713091E9","7.318575","true"
"600519","600519.SH","2019-07-09","979.3","989.0","968.35","976.06","3172332.0","3.103986405E9","7.318575","true"
"600519","600519.SH","2019-07-10","980.93","990.58","977.0","982.52","2816670.0","2.774054724E9","7.318575","true"
"600519","600519.SH","2019-07-11","989.96","998.38","976.0","981.5","3051419.0","3.011117079E9","7.318575","true"
"600519","600519.SH","2019-07-12","981.3","991.5","980.01","986.09","2817385.0","2.778937975E9","7.318575","true"
"600519","600519.SH","2019-07-15","967.8","980.1","951.13","975.93","5987040.0","5.78572659E9","7.318575","true"
"600519","600519.SH","2019-07-16","975.45","982.3","965.0","968.0","3324524.0","3.226755644E9","7.318575","true"
"600519","600519.SH","2019-07-17","968.0","972.99","962.13","963.5","2546887.0","2.459954487E9","7.318575","true"
"600519","600519.SH","2019-07-18","961.5","963.0","947.18","947.5","3925295.0","3.748507464E9","7.318575","true"
"600519","600519.SH","2019-07-19","955.0","960.8","948.0","955.87","2801481.0","2.679887449E9","7.318575","true"
"600519","600519.SH","2019-07-22","960.0","964.0","950.25","957.02","2812549.0","2.695084029E9","7.318575","true"
"600519","600519.SH","2019-07-23","962.3","962.59","943.86","953.98","3248395.0","3.087319264E9","7.318575","true"
"600519","600519.SH","2019-07-24","958.31","959.9","944.69","946.36","4677120.0","4.450509786E9","7.318575","true"
"600519","600519.SH","2019-07-25","945.97","963.36","938.15","963.0","3825570.0","3.633246146E9","7.318575","true"
"600519","600519.SH","2019-07-26","961.97","971.0","958.55","965.03","2646759.0","2.556208822E9","7.318575","true"
"600519","600519.SH","2019-07-29","962.03","979.5","960.01","976.41","2698133.0","2.626793557E9","7.318575","true"
"600519","600519.SH","2019-07-30","976.5","983.0","971.0","978.93","1953797.0","1.911965179E9","7.318575","true"
"600519","600519.SH","2019-07-31","975.0","981.77","966.59","972.6","2252620.0","2.191909987E9","7.318575","true"
"600519","600519.SH","2019-08-01","976.51","977.0","953.02","959.3","3508951.9999999995","3.385045858E9","7.318575","true"
"600519","600519.SH","2019-08-02","944.0","957.98","943.0","954.45","3971940.0","3.772328947E9","7.318575","true"
"600519","600519.SH","2019-08-05","945.0","954.0","940.0","942.43","3677431.0","3.473341317E9","7.318575","true"
"600519","600519.SH","2019-08-06","931.0","948.0","923.8","946.3","4399116.0","4.12144501E9","7.318575","true"
"600519","600519.SH","2019-08-07","949.5","955.53","945.0","945.0","2686998.0","2.553463419E9","7.318575","true"
"600519","600519.SH","2019-08-08","953.5","974.0","952.0","971.68","3880813.0","3.75508699E9","7.318575","true"
"600519","600519.SH","2019-08-09","978.5","980.95","958.99","962.03","2846170.0","2.760764357E9","7.318575","true"
"600519","600519.SH","2019-08-12","1010.31","1020.1","995.01","1018.63","8149895.0","8.208540716E9","7.318575","true"
"600519","600519.SH","2019-08-13","1016.16","1026.0","1010.68","1017.95","3032970.0","3.08801376E9","7.318575","true"
"600519","600519.SH","2019-08-14","1030.02","1051.9","1030.02","1043.33","4141095.0","4.327071299E9","7.318575","true"
"600519","600519.SH","2019-08-15","1028.0","1046.48","1028.0","1044.9","2723739.0","2.82133112E9","7.318575","true"
"600519","600519.SH","2019-08-16","1049.84","1075.58","1041.0","1054.6","3608673.000000001","3.822488363E9","7.318575","true"
"600519","600519.SH","2019-08-19","1061.0","1069.98","1049.05","1055.88","3286758.0","3.471558016E9","7.318575","true"
"600519","600519.SH","2019-08-20","1055.0","1073.68","1050.0","1070.0","2860213.0","3.038219263E9","7.318575","true"
"600519","600519.SH","2019-08-21","1070.1","1076.97","1061.66","1066.0","2506662.0","2.678841887E9","7.318575","true"
"600519","600519.SH","2019-08-22","1072.99","1104.0","1070.0","1104.0","3759078.0","4.099045126E9","7.318575","true"
"600519","600519.SH","2019-08-23","1105.0","1133.56","1095.62","1130.1","4019230.000000001","4.49578291E9","7.318575","true"
"600519","600519.SH","2019-08-26","1113.0","1128.0","1096.68","1102.95","4849789.0","5.382792365E9","7.318575","true"
"600519","600519.SH","2019-08-27","1117.0","1131.31","1109.0","1109.0","5216421.0","5.830617878E9","7.318575","true"
"600519","600519.SH","2019-08-28","1109.0","1123.19","1083.01","1100.11","4700967.0","5.169778985E9","7.318575","true"
"600519","600519.SH","2019-08-29","1105.0","1118.18","1092.5","1113.1","2933042.0","3.247704307E9","7.318575","true"
"600519","600519.SH","2019-08-30","1125.0","1146.0","1123.0","1142.0","4489077.0","5.093877152E9","7.318575","true"
"600519","600519.SH","2019-09-02","1139.99","1144.98","1129.0","1138.76","2823433.0","3.210850606E9","7.318575","true"
"600519","600519.SH","2019-09-03","1140.0","1151.02","1128.56","1140.0","2948509.0","3.358578409E9","7.318575","true"
"600519","600519.SH","2019-09-04","1140.8","1142.91","1120.11","1125.01","3360022.0","3.785904728E9","7.318575","true"
"600519","600519.SH","2019-09-05","1129.0","1144.9","1128.0","1144.0","3293083.9999999995","3.746608087E9","7.318575","true"
"600519","600519.SH","2019-09-06","1144.5","1146.15","1131.0","1142.49","2617659.0","2.978155822E9","7.318575","true"
"600519","600519.SH","2019-09-09","1145.0","1148.0","1135.0","1136.52","2937934.0","3.346080774E9","7.318575","true"
"600519","600519.SH","2019-09-10","1134.3","1135.0","1120.01","1123.85","2622707.0","2.952753655E9","7.318575","true"
"600519","600519.SH","2019-09-11","1119.22","1119.97","1068.0","1069.52","8171653.999999999","8.90469056E9","7.318575","true"
"600519","600519.SH","2019-09-12","1066.0","1109.98","1066.0","1099.0","4121133.0","4.498210332E9","7.318575","true"
"600519","600519.SH","2019-09-16","1083.0","1103.95","1083.0","1099.0","3137180.0","3.432292113E9","7.318575","true"
"600519","600519.SH","2019-09-17","1094.0","1106.66","1087.0","1094.01","2519693.0","2.767385769E9","7.318575","true"
"600519","600519.SH","2019-09-18","1108.5","1150.0","1108.18","1148.9","6931447.0","7.899560194E9","7.318575","true"
"600519","600519.SH","2019-09-19","1148.0","1150.0","1137.1","1145.0","2447980.0","2.800064436E9","7.318575","true"
"600519","600519.SH","2019-09-20","1151.0","1160.0","1147.59","1157.42","3762666.000000001","4.346138244E9","7.318575","true"
"600519","600519.SH","2019-09-23","1157.0","1157.0","1131.0","1149.0","3002633.0","3.431058973E9","7.318575","true"
"600519","600519.SH","2019-09-24","1155.0","1184.9","1152.0","1184.0","3626913.0","4.259833998E9","7.318575","true"
"600519","600519.SH","2019-09-25","1180.0","1188.87","1170.5","1174.0","2402458.0","2.83230842E9","7.318575","true"
"600519","600519.SH","2019-09-26","1174.94","1183.35","1158.81","1167.0","2608194.0","3.050478322E9","7.318575","true"
"600519","600519.SH","2019-09-27","1164.0","1183.0","1153.0","1174.75","2282661.0","2.671754323E9","7.318575","true"
"600519","600519.SH","2019-09-30","1163.0","1169.43","1150.0","1150.0","3082514.0","3.565988675E9","7.318575","true"
"600519","600519.SH","2019-10-08","1153.0","1180.0","1152.01","1167.1","3104527.0","3.631091491E9","7.318575","true"
"600519","600519.SH","2019-10-09","1166.2","1166.2","1135.05","1146.81","3578857.0","4.105282379E9","7.318575","true"
"600519","600519.SH","2019-10-10","1127.0","1158.93","1109.02","1155.0","4117370.0","4.685560483E9","7.318575","true"
"600519","600519.SH","2019-10-11","1157.0","1175.0","1152.21","1174.6","2868925.0","3.343559812E9","7.318575","true"
"600519","600519.SH","2019-10-14","1186.0","1187.66","1170.0","1180.0","2718751.0","3.209362988E9","7.318575","true"
"600519","600519.SH","2019-10-15","1180.0","1215.68","1177.03","1211.0","4003473.000000001","4.806856333E9","7.318575","true"
"600519","600519.SH","2019-10-16","1168.0","1187.5","1160.0","1170.0","5915059.0","6.935972684E9","7.318575","true"
"600519","600519.SH","2019-10-17","1176.0","1186.66","1162.5","1183.33","3050870.0","3.578144114E9","7.318575","true"
"600519","600519.SH","2019-10-18","1179.0","1189.99","1171.69","1175.79","2829161.0","3.335011086E9","7.318575","true"
"600519","600519.SH","2019-10-21","1171.86","1178.9","1163.3","1168.5","2527467.0","2.955023935E9","7.318575","true"
"600519","600519.SH","2019-10-22","1178.0","1181.5","1163.89","1170.8","1930943.0","2.262188262E9","7.318575","true"
"600519","600519.SH","2019-10-23","1168.0","1178.0","1156.11","1158.91","2308021.0","2.684922174E9","7.318575","true"
"600519","600519.SH","2019-10-24","1164.95","1166.0","1147.16","1150.27","2617844.0","3.025245582E9","7.318575","true"
"600519","600519.SH","2019-10-25","1153.3","1172.5","1143.03","1171.35","2599845.0","3.015928985E9","7.318575","true"
"600519","600519.SH","2019-10-28","1166.01","1181.01","1165.0","1178.29","2248599.0","2.644563044E9","7.318575","true"
"600519","600519.SH","2019-10-29","1181.11","1199.96","1177.77","1193.0","2780371.0","3.314271728E9","7.318575","true"
"600519","600519.SH","2019-10-30","1190.0","1192.7","1176.0","1183.8","2125475.0","2.516524166E9","7.318575","true"
"600519","600519.SH","2019-10-31","1196.0","1198.0","1176.15","1180.01","2590927.0","3.068884874E9","7.318575","true"
"600519","600519.SH","2019-11-01","1181.0","1191.95","1172.5","1185.0","2281196.0","2.697638375E9","7.318575","true"
"600519","600519.SH","2019-11-04","1190.0","1209.99","1189.0","1199.59","2673798.0","3.209264033E9","7.318575","true"
"600519","600519.SH","2019-11-05","1199.5","1205.0","1192.0","1199.0","2225472.0","2.667596023E9","7.318575","true"
"600519","600519.SH","2019-11-06","1197.0","1204.0","1188.88","1193.0","1973751.0","2.362005422E9","7.318575","true"
"600519","600519.SH","2019-11-07","1196.51","1201.88","1189.0","1201.37","1616788.0","1.933203877E9","7.318575","true"
"600519","600519.SH","2019-11-08","1205.0","1215.65","1201.51","1205.0","2451211.0","2.964133776E9","7.318575","true"
"600519","600519.SH","2019-11-11","1201.5","1206.2","1193.51","1199.0","1734246.0","2.08206083E9","7.318575","true"
"600519","600519.SH","2019-11-12","1204.0","1209.6","1198.21","1201.6","1915055.0","2.303205539E9","7.318575","true"
"600519","600519.SH","2019-11-13","1207.0","1227.8","1200.0","1224.0","3197704.0","3.890666569E9","7.318575","true"
"600519","600519.SH","2019-11-14","1227.0","1240.0","1222.0","1230.0","2352112.0","2.8983997E9","7.318575","true"
"600519","600519.SH","2019-11-15","1230.0","1232.91","1221.5","1224.9","1634072.0","2.003665313E9","7.318575","true"
"600519","600519.SH","2019-11-18","1225.12","1229.45","1218.0","1227.28","1803766.0","2.204546132E9","7.318575","true"
"600519","600519.SH","2019-11-19","1228.0","1241.61","1225.02","1232.32","2062375.0","2.542105913E9","7.318575","true"
"600519","600519.SH","2019-11-20","1230.0","1239.51","1228.06","1233.75","1528053.0","1.884957278E9","7.318575","true"
"600519","600519.SH","2019-11-21","1231.0","1235.51","1221.06","1231.3","1918739.0","2.356277766E9","7.318575","true"
"600519","600519.SH","2019-11-22","1223.0","1229.0","1185.0","1194.0","4705428.0","5.677646465E9","7.318575","true"
"600519","600519.SH","2019-11-25","1188.05","1194.0","1172.06","1182.06","3828175.0","4.518778939E9","7.318575","true"
"600519","600519.SH","2019-11-26","1186.68","1198.6","1183.0","1185.0","4023961.0","4.794179893E9","7.318575","true"
"600519","600519.SH","2019-11-27","1192.8","1196.62","1184.51","1189.95","1984881.0","2.363839726E9","7.318575","true"
"600519","600519.SH","2019-11-28","1194.97","1197.51","1169.02","1175.8","2884499.0","3.405325549E9","7.318575","true"
"600519","600519.SH","2019-11-29","1165.5","1165.5","1112.89","1129.0","8239732.000000001","9.338326554E9","7.318575","true"
"600519","600519.SH","2019-12-02","1118.2","1140.02","1118.2","1133.0","3078441.0","3.479717421E9","7.318575","true"
"600519","600519.SH","2019-12-03","1133.0","1133.0","1117.74","1118.0","2734093.0","3.066695648E9","7.318575","true"
"600519","600519.SH","2019-12-04","1140.0","1144.66","1118.0","1122.33","3528308.0","3.980511004E9","7.318575","true"
"600519","600519.SH","2019-12-05","1125.0","1132.01","1118.0","1129.8","2133879.0","2.40250347E9","7.318575","true"
"600519","600519.SH","2019-12-06","1135.97","1170.0","1130.1","1170.0","3950626.0","4.565643688E9","7.318575","true"
"600519","600519.SH","2019-12-09","1175.0","1176.0","1156.1","1158.7","2182412.0","2.543532527E9","7.318575","true"
"600519","600519.SH","2019-12-10","1159.6","1165.0","1151.0","1164.4","1508658.0","1.749356289E9","7.318575","true"
"600519","600519.SH","2019-12-11","1168.0","1170.75","1155.55","1158.98","1456799.0","1.689987674E9","7.318575","true"
"600519","600519.SH","2019-12-12","1156.0","1159.94","1130.08","1137.0","2940916.0","3.362699683E9","7.318575","true"
"600519","600519.SH","2019-12-13","1146.0","1165.0","1146.0","1163.0","3000059.0","3.473927971E9","7.318575","true"
"600519","600519.SH","2019-12-16","1163.0","1163.0","1137.94","1147.92","3093642.0","3.55413364E9","7.318575","true"
"600519","600519.SH","2019-12-17","1149.7","1173.6","1143.03","1169.98","4261696.0","4.93704195E9","7.318575","true"
"600519","600519.SH","2019-12-18","1174.0","1175.2","1164.0","1168.0","1964009.0","2.295963803E9","7.318575","true"
"600519","600519.SH","2019-12-19","1163.0","1163.0","1152.0","1157.4","1955230.0","2.262598597E9","7.318575","true"
"600519","600519.SH","2019-12-20","1162.18","1162.18","1141.5","1146.3","2356384.0","2.703612358E9","7.318575","true"
"600519","600519.SH","2019-12-23","1139.0","1162.5","1136.0","1149.3","2591918.0","2.981937538E9","7.318575","true"
"600519","600519.SH","2019-12-24","1153.0","1155.0","1145.0","1148.0","1182310.0","1.358536199E9","7.318575","true"
"600519","600519.SH","2019-12-25","1143.0","1143.0","1130.01","1133.7","2430597.0","2.755735164E9","7.318575","true"
"600519","600519.SH","2019-12-26","1132.0","1141.98","1119.99","1135.1","2287727.0","2.585996501E9","7.318575","true"
"600519","600519.SH","2019-12-27","1150.0","1172.0","1150.0","1163.0","4706628.0","5.486452901E9","7.318575","true"
"600519","600519.SH","2019-12-30","1170.2","1195.5","1170.2","1185.8","4076066.000000001","4.827682057E9","7.318575","true"
"600519","600519.SH","2019-12-31","1183.0","1188.0","1176.51","1183.0","2258881.0","2.6667051E9","7.318575","true"
"600519","600519.SH","2020-01-02","1128.0","1145.06","1116.0","1130.0","1.4809916E7","1.6696837095E10","7.318575","true"
"600519","600519.SH","2020-01-03","1117.0","1117.0","1076.9","1078.56","1.3031878E7","1.4266380596E10","7.318575","true"
"600519","600519.SH","2020-01-06","1070.86","1092.9","1067.3","1077.99","6341478.0","6.853917601E9","7.318575","true"
"600519","600519.SH","2020-01-07","1077.5","1099.0","1076.4","1094.53","4785359.0","5.220697068E9","7.318575","true"
"600519","600519.SH","2020-01-08","1085.05","1095.5","1082.58","1088.14","2500825.0","2.720371915E9","7.318575","true"
"600519","600519.SH","2020-01-09","1094.0","1105.39","1090.0","1102.7","3740587.000000001","4.110949814E9","7.318575","true"
"600519","600519.SH","2020-01-10","1109.0","1115.99","1102.5","1112.5","3597587.0000000005","3.993457118E9","7.318575","true"
"600519","600519.SH","2020-01-13","1112.5","1129.2","1112.0","1124.27","3851575.0","4.325687959E9","7.318575","true"
"600519","600519.SH","2020-01-14","1124.2","1124.89","1103.0","1107.4","3514465.0","3.91630079E9","7.318575","true"
"600519","600519.SH","2020-01-15","1109.01","1121.6","1105.0","1112.13","2602911.0","2.895603674E9","7.318575","true"
"600519","600519.SH","2020-01-16","1118.87","1118.87","1102.58","1107.0","2319165.0","2.571593141E9","7.318575","true"
"600519","600519.SH","2020-01-17","1110.0","1112.78","1101.01","1107.5","2347275.0","2.599645144E9","7.318575","true"
"600519","600519.SH","2020-01-20","1111.86","1111.86","1082.0","1091.0","3539130.0000000005","3.858246844E9","7.318575","true"
"600519","600519.SH","2020-01-21","1081.0","1087.0","1072.3","1075.3","3287405.0000000005","3.542441308E9","7.318575","true"
"600519","600519.SH","2020-01-22","1070.0","1084.0","1055.38","1075.51","3620004.0","3.875275065E9","7.318575","true"
"600519","600519.SH","2020-01-23","1076.0","1076.0","1037.0","1052.8","5346843.0","5.638945742E9","7.318575","true"
"600519","600519.SH","2020-02-03","985.0","1010.68","980.0","1003.92","1.2344288E7","1.2314991759E10","7.318575","true"
"600519","600519.SH","2020-02-04","1015.0","1057.0","1011.01","1038.01","6262418.0","6.490469043E9","7.318575","true"
"600519","600519.SH","2020-02-05","1050.0","1054.0","1033.03","1049.99","4741824.0","4.956355235E9","7.318575","true"
"600519","600519.SH","2020-02-06","1059.43","1075.0","1052.02","1071.0","4717121.0","5.011246407E9","7.318575","true"
"600519","600519.SH","2020-02-07","1070.01","1077.0","1061.02","1076.0","3127871.0","3.348894576E9","7.318575","true"
"600519","600519.SH","2020-02-10","1062.0","1074.6","1057.2","1066.49","3053342.0","3.251908506E9","7.318575","true"
"600519","600519.SH","2020-02-11","1063.0","1099.68","1062.8","1098.0","4791793.0","5.222918915E9","7.318575","true"
"600519","600519.SH","2020-02-12","1089.0","1098.79","1085.88","1097.27","2812543.0","3.072293973E9","7.318575","true"
"600519","600519.SH","2020-02-13","1098.0","1113.89","1088.01","1091.0","3035736.0","3.335277425E9","7.318575","true"
"600519","600519.SH","2020-02-14","1090.45","1093.51","1083.11","1088.0","2328760.0","2.534568401E9","7.318575","true"
"600519","600519.SH","2020-02-17","1082.5","1096.19","1082.4","1093.82","2702822.0","2.946182657E9","7.318575","true"
"600519","600519.SH","2020-02-18","1090.01","1096.88","1083.0","1084.0","2666496.0","2.897729692E9","7.318575","true"
"600519","600519.SH","2020-02-19","1085.0","1101.5","1078.0","1096.5","3705147.0","4.052365602E9","7.318575","true"
"600519","600519.SH","2020-02-20","1096.7","1124.0","1095.41","1118.0","4680262.0","5.22066094E9","7.318575","true"
"600519","600519.SH","2020-02-21","1111.46","1123.54","1110.01","1112.88","2894008.0","3.22533716E9","7.318575","true"
"600519","600519.SH","2020-02-24","1105.5","1110.0","1085.5","1087.18","3865036.0","4.221857466E9","7.318575","true"
"600519","600519.SH","2020-02-25","1078.0","1082.09","1067.88","1074.81","3838562.000000001","4.12743213E9","7.318575","true"
"600519","600519.SH","2020-02-26","1062.0","1084.0","1055.0","1073.7","4356097.0","4.663278433E9","7.318575","true"
"600519","600519.SH","2020-02-27","1076.0","1094.99","1076.0","1087.39","3449829.0","3.75878381E9","7.318575","true"
"600519","600519.SH","2020-02-28","1070.3","1082.0","1049.97","1057.0","4994657.0","5.307929213E9","7.318575","true"
"600519","600519.SH","2020-03-02","1050.11","1096.55","1050.01","1086.01","4766304.0","5.154329159E9","7.318575","true"
"600519","600519.SH","2020-03-03","1098.0","1118.88","1098.0","1113.0","5025015.0","5.585227657E9","7.318575","true"
"600519","600519.SH","2020-03-04","1125.0","1139.0","1116.24","1128.92","5379299.0","6.080149243E9","7.318575","true"
"600519","600519.SH","2020-03-05","1136.31","1174.99","1130.56","1171.0","6242645.0","7.210485104E9","7.318575","true"
"600519","600519.SH","2020-03-06","1163.0","1176.0","1151.98","1155.5","3064100.0","3.553622358E9","7.318575","true"
"600519","600519.SH","2020-03-09","1135.0","1135.0","1111.31","1114.01","4340409.0","4.8652885E9","7.318575","true"
"600519","600519.SH","2020-03-10","1113.0","1168.0","1113.0","1156.0","5806293.0","6.635936156E9","7.318575","true"
"600519","600519.SH","2020-03-11","1155.5","1169.58","1141.0","1158.52","3554757.0","4.124607952E9","7.318575","true"
"600519","600519.SH","2020-03-12","1141.22","1153.0","1125.1","1138.5","3663063.0","4.172606105E9","7.318575","true"
"600519","600519.SH","2020-03-13","1090.0","1128.98","1080.0","1112.03","7588531.0","8.34849648E9","7.318575","true"
"600519","600519.SH","2020-03-16","1103.98","1107.95","1062.0","1067.0","5123254.0","5.548946745E9","7.318575","true"
"600519","600519.SH","2020-03-17","1055.0","1078.0","1011.12","1045.1","7935912.0","8.277472787E9","7.318575","true"
"600519","600519.SH","2020-03-18","1040.0","1060.0","1007.99","1007.99","7345988.0","7.582762547E9","7.318575","true"
"600519","600519.SH","2020-03-19","993.99","1015.0","960.1","996.0","1.0226507E7","1.007588047E10","7.318575","true"
"600519","600519.SH","2020-03-20","1011.0","1043.0","1011.0","1035.28","6013919.0","6.169094444E9","7.318575","true"
"600519","600519.SH","2020-03-23","1000.0","1035.28","991.52","1019.0","4847210.0","4.918121944E9","7.318575","true"
"600519","600519.SH","2020-03-24","1043.0","1058.88","1035.0","1056.0","4665096.0","4.900364144E9","7.318575","true"
"600519","600519.SH","2020-03-25","1087.98","1091.36","1074.2","1080.1","3704866.000000001","4.015061222E9","7.318575","true"
"600519","600519.SH","2020-03-26","1073.33","1091.2","1062.0","1064.92","3004856.0","3.231754298E9","7.318575","true"
"600519","600519.SH","2020-03-27","1085.0","1092.0","1075.01","1075.5","3626112.000000001","3.931759353E9","7.318575","true"
"600519","600519.SH","2020-03-30","1060.25","1077.0","1057.0","1072.0","3068741.0","3.279823025E9","7.318575","true"
"600519","600519.SH","2020-03-31","1082.0","1115.0","1081.8","1111.0","4798437.0","5.293170703E9","7.318575","true"
"600519","600519.SH","2020-04-01","1117.0","1129.0","1103.0","1103.0","3320535.0","3.700184247E9","7.318575","true"
"600519","600519.SH","2020-04-02","1104.0","1145.0","1103.88","1145.0","4520561.0","5.095167594E9","7.318575","true"
"600519","600519.SH","2020-04-03","1139.03","1147.96","1131.98","1139.79","2761761.0","3.148421866E9","7.318575","true"
"600519","600519.SH","2020-04-07","1161.95","1166.5","1148.89","1159.95","4348800.0","5.041525481E9","7.318575","true"
"600519","600519.SH","2020-04-08","1152.0","1166.31","1152.0","1159.76","2422442.0","2.8094221E9","7.318575","true"
"600519","600519.SH","2020-04-09","1166.0","1169.0","1147.96","1158.5","2281697.0","2.640230492E9","7.318575","true"
"600519","600519.SH","2020-04-10","1157.88","1181.5","1153.5","1165.0","2780434.0","3.252600672E9","7.318575","true"
"600519","600519.SH","2020-04-13","1165.0","1169.98","1148.5","1162.3","1598147.0","1.854563731E9","7.318575","true"
"600519","600519.SH","2020-04-14","1176.0","1191.55","1166.0","1185.1","3679955.000000001","4.340858665E9","7.318575","true"
"600519","600519.SH","2020-04-15","1192.0","1203.99","1187.1","1189.6","2933229.0","3.50131826E9","7.318575","true"
"600519","600519.SH","2020-04-16","1192.97","1197.1","1184.1","1197.1","2172774.0","2.588431844E9","7.318575","true"
"600519","600519.SH","2020-04-17","1210.0","1234.56","1205.01","1226.0","3824569.0","4.676618151E9","7.318575","true"
"600519","600519.SH","2020-04-20","1221.0","1231.5","1216.8","1227.3","2423864.0","2.963483323E9","7.318575","true"
"600519","600519.SH","2020-04-21","1221.02","1223.99","1193.0","1200.0","2922422.0","3.517018487E9","7.318575","true"
"600519","600519.SH","2020-04-22","1206.0","1249.5","1202.22","1244.5","4403473.0","5.430377598E9","7.318575","true"
"600519","600519.SH","2020-04-23","1250.0","1265.68","1247.77","1252.26","2689851.0","3.377042463E9","7.318575","true"
"600519","600519.SH","2020-04-24","1248.0","1259.89","1235.18","1250.56","1912240.0","2.390444036E9","7.318575","true"
"600519","600519.SH","2020-04-27","1257.0","1278.17","1250.96","1276.0","2590391.0","3.284513346E9","7.318575","true"
"600519","600519.SH","2020-04-28","1285.31","1299.94","1271.88","1279.13","3466190.0","4.458549425E9","7.318575","true"
"600519","600519.SH","2020-04-29","1277.8","1288.1","1258.0","1274.9","2344406.0","2.976724957E9","7.318575","true"
"600519","600519.SH","2020-04-30","1271.0","1285.01","1258.88","1265.7","2466087.0","3.134408881E9","7.318575","true"
"600519","600519.SH","2020-05-06","1251.0","1300.0","1250.0","1300.0","3583481.0","4.598589768E9","7.318575","true"
"600519","600519.SH","2020-05-07","1299.4","1314.99","1293.0","1312.0","2793474.0","3.647628296E9","7.318575","true"
"600519","600519.SH","2020-05-08","1317.0","1338.0","1308.51","1314.61","2907868.0","3.839218026E9","7.318575","true"
"600519","600519.SH","2020-05-11","1320.0","1335.0","1313.67","1323.01","2367119.0","3.135990964E9","7.318575","true"
"600519","600519.SH","2020-05-12","1318.0","1334.99","1316.0","1333.0","1972181.0","2.621824685E9","7.318575","true"
"600519","600519.SH","2020-05-13","1333.0","1337.99","1322.88","1335.95","2201431.0","2.93146495E9","7.318575","true"
"600519","600519.SH","2020-05-14","1330.0","1334.88","1325.11","1326.59","1857492.0","2.467976357E9","7.318575","true"
"600519","600519.SH","2020-05-15","1329.0","1333.5","1301.88","1313.0","2639808.0","3.469736812E9","7.318575","true"
"600519","600519.SH","2020-05-18","1306.0","1351.5","1305.13","1346.21","3436211.0","4.587989708E9","7.318575","true"
"600519","600519.SH","2020-05-19","1364.0","1364.0","1338.0","1346.11","2478746.0","3.342210487E9","7.318575","true"
"600519","600519.SH","2020-05-20","1346.11","1359.18","1336.81","1351.0","2118340.0","2.859455106E9","7.318575","true"
"600519","600519.SH","2020-05-21","1355.0","1371.96","1352.86","1366.1","2305158.0","3.147105462E9","7.318575","true"
"600519","600519.SH","2020-05-22","1366.0","1366.1","1322.88","1328.2","3442746.0","4.608696074E9","7.318575","true"
"600519","600519.SH","2020-05-25","1330.0","1366.58","1321.0","1362.9","3156100.0","4.260387678000001E9","7.318575","true"
"600519","600519.SH","2020-05-26","1369.88","1369.95","1355.0","1358.0","2247019.0","3.056188321E9","7.318575","true"
"600519","600519.SH","2020-05-27","1359.0","1360.0","1333.0","1338.0","2677741.0","3.596654307E9","7.318575","true"
"600519","600519.SH","2020-05-28","1337.97","1346.94","1321.13","1344.0","2648591.0","3.536546893E9","7.318575","true"
"600519","600519.SH","2020-05-29","1332.1","1369.98","1332.1","1366.6","3044435.0","4.144247222E9","7.318575","true"
"600519","600519.SH","2020-06-01","1381.0","1420.1","1381.0","1419.5","3547976.0","4.986178912E9","7.318575","true"
"600519","600519.SH","2020-06-02","1416.01","1427.9","1406.66","1410.71","2596010.0","3.679210598E9","7.318575","true"
"600519","600519.SH","2020-06-03","1415.0","1417.5","1395.77","1399.3","2355736.0","3.308382799E9","7.318575","true"
"600519","600519.SH","2020-06-04","1396.0","1411.0","1396.0","1407.99","1803741.0","2.534459742E9","7.318575","true"
"600519","600519.SH","2020-06-05","1405.25","1428.88","1401.08","1425.0","1834706.0","2.597524609E9","7.318575","true"
"600519","600519.SH","2020-06-08","1425.0","1435.0","1402.01","1406.1","2930045.0","4.145298455E9","7.318575","true"
"600519","600519.SH","2020-06-09","1408.0","1425.0","1400.68","1416.55","2261191.0","3.19984966E9","7.318575","true"
"600519","600519.SH","2020-06-10","1425.0","1433.33","1417.0","1423.66","2270074.0","3.234843851E9","7.318575","true"
"600519","600519.SH","2020-06-11","1411.01","1417.99","1396.99","1400.46","3071171.0","4.314846228E9","7.318575","true"
"600519","600519.SH","2020-06-12","1387.17","1416.37","1383.31","1416.37","2842742.0","3.992323389E9","7.318575","true"
"600519","600519.SH","2020-06-15","1402.0","1411.6","1381.0","1383.0","3461541.0000000005","4.819512189E9","7.318575","true"
"600519","600519.SH","2020-06-16","1398.5","1414.0","1393.13","1403.88","2920664.0","4.099718932E9","7.318575","true"
"600519","600519.SH","2020-06-17","1411.86","1411.9","1395.02","1405.0","1945307.0","2.73009712E9","7.318575","true"
"600519","600519.SH","2020-06-18","1404.9","1413.2","1400.1","1413.0","2101041.0","2.956800081E9","7.318575","true"
"600519","600519.SH","2020-06-19","1420.0","1445.2","1415.1","1439.84","3895833.0","5.603232657E9","7.318575","true"
"600519","600519.SH","2020-06-22","1435.1","1443.89","1433.2","1439.0","2324700.0","3.343536637E9","7.318575","true"
"600519","600519.SH","2020-06-23","1435.0","1482.0","1433.52","1474.5","3393426.0","4.963194685E9","7.318575","true"
"600519","600519.SH","2020-06-24","1463.6","1465.71","1445.0","1460.01","2513899.0","3.663537115E9","7.404039","true"
"600519","600519.SH","2020-06-29","1448.0","1466.0","1437.01","1463.17","2808061.0","4.064048236E9","7.404039","true"
"600519","600519.SH","2020-06-30","1463.12","1468.98","1455.12","1462.88","2244614.0","3.281641199E9","7.404039","true"
"600519","600519.SH","2020-07-01","1468.0","1506.1","1464.02","1494.27","3868249.0","5.759640251E9","7.404039","true"
"600519","600519.SH","2020-07-02","1499.0","1550.9","1495.0","1544.0","4588372.0","7.014289615E9","7.404039","true"
"600519","600519.SH","2020-07-03","1550.0","1552.5","1516.88","1541.79","3512581.0","5.395637032E9","7.404039","true"
"600519","600519.SH","2020-07-06","1538.0","1616.0","1531.81","1600.0","5182196.0","8.228068998E9","7.404039","true"
"600519","600519.SH","2020-07-07","1603.09","1744.82","1601.0","1688.0","6666392.999999999","1.1219852098E10","7.404039","true"
"600519","600519.SH","2020-07-08","1680.0","1719.0","1660.0","1681.34","5316998.0","8.963189092E9","7.404039","true"
"600519","600519.SH","2020-07-09","1691.0","1712.0","1682.0","1706.0","3503324.0","5.951732803E9","7.404039","true"
"600519","600519.SH","2020-07-10","1689.0","1736.6","1688.94","1713.85","3710044.0","6.352507468E9","7.404039","true"
"600519","600519.SH","2020-07-13","1714.68","1787.0","1714.68","1781.99","6072716.0","1.0679460274E10","7.404039","true"
"600519","600519.SH","2020-07-14","1781.99","1782.03","1748.4","1762.0","4609351.0","8.13583491E9","7.404039","true"
"600519","600519.SH","2020-07-15","1744.88","1782.6","1744.71","1752.53","4071294.0","7.176560649E9","7.404039","true"
"600519","600519.SH","2020-07-16","1729.91","1729.91","1600.0","1614.0","1.0224219E7","1.6901373195999998E10","7.404039","true"
"600519","600519.SH","2020-07-17","1620.0","1672.59","1620.0","1648.05","6590206.0","1.0863420089E10","7.404039","true"
"600519","600519.SH","2020-07-20","1652.5","1663.99","1588.88","1636.96","4528033.0","7.363822989E9","7.404039","true"
"600519","600519.SH","2020-07-21","1646.64","1702.8","1630.99","1668.0","4196950.0","7.026353151E9","7.404039","true"
"600519","600519.SH","2020-07-22","1658.0","1710.0","1658.0","1678.08","3920121.0","6.637265372E9","7.404039","true"
"600519","600519.SH","2020-07-23","1672.0","1691.0","1650.0","1676.0","3432051.9999999995","5.739050333E9","7.404039","true"
"600519","600519.SH","2020-07-24","1654.85","1666.0","1585.0","1595.3","7875200.999999999","1.2705941887E10","7.404039","true"
"600519","600519.SH","2020-07-27","1616.01","1629.8","1600.0","1622.55","3878817.0","6.279664444E9","7.404039","true"
"600519","600519.SH","2020-07-28","1630.0","1680.0","1630.0","1670.0","5491152.0","9.133721867E9","7.404039","true"
"600519","600519.SH","2020-07-29","1690.0","1690.0","1633.0","1672.0","5074843.0","8.411789967E9","7.404039","true"
"600519","600519.SH","2020-07-30","1671.2","1700.59","1670.5","1680.0","3837304.0","6.486855475E9","7.404039","true"
"600519","600519.SH","2020-07-31","1685.0","1705.0","1646.0","1678.18","4068474.0","6.84674733E9","7.404039","true"
"600519","600519.SH","2020-08-03","1686.88","1696.58","1660.0","1668.0","3466114.0","5.790041422E9","7.404039","true"
"600519","600519.SH","2020-08-04","1675.0","1682.99","1660.0","1669.99","3194051.0","5.337185768E9","7.404039","true"
"600519","600519.SH","2020-08-05","1662.09","1673.09","1643.31","1668.0","2552169.0","4.236612469E9","7.404039","true"
"600519","600519.SH","2020-08-06","1670.0","1674.03","1630.0","1637.96","3264878.0","5.372942645E9","7.404039","true"
"600519","600519.SH","2020-08-07","1644.77","1649.67","1598.5","1631.0","3424205.0000000005","5.560065753E9","7.404039","true"
"600519","600519.SH","2020-08-10","1627.97","1644.96","1608.11","1633.99","2362354.0","3.857721122E9","7.404039","true"
"600519","600519.SH","2020-08-11","1640.0","1666.43","1640.0","1642.51","3581818.0","5.936904876E9","7.404039","true"
"600519","600519.SH","2020-08-12","1633.0","1641.0","1605.25","1626.95","2793392.0","4.529267493E9","7.404039","true"
"600519","600519.SH","2020-08-13","1630.0","1638.88","1609.0","1635.0","2054134.0","3.341652186E9","7.404039","true"
"600519","600519.SH","2020-08-14","1639.9","1665.7","1631.0","1661.0","3765318.0","6.230475427E9","7.404039","true"
"600519","600519.SH","2020-08-17","1674.0","1704.35","1670.0","1690.0","4357201.0","7.363610867E9","7.404039","true"
"600519","600519.SH","2020-08-18","1697.38","1720.0","1691.0","1705.0","3042281.0","5.192751797E9","7.404039","true"
"600519","600519.SH","2020-08-19","1700.0","1717.0","1682.99","1687.0","2691498.0","4.578143762E9","7.404039","true"
"600519","600519.SH","2020-08-20","1674.0","1679.0","1656.0","1664.0","2238233.0","3.727183935E9","7.404039","true"
"600519","600519.SH","2020-08-21","1673.0","1698.0","1671.0","1676.0","2508241.0","4.21704842E9","7.404039","true"
"600519","600519.SH","2020-08-24","1700.0","1708.0","1691.01","1696.35","3093344.0","5.260286523E9","7.404039","true"
"600519","600519.SH","2020-08-25","1704.8","1746.78","1698.63","1727.0","4187249.0","7.227309774E9","7.404039","true"
"600519","600519.SH","2020-08-26","1734.0","1745.0","1715.02","1727.0","2621573.0","4.530374186E9","7.404039","true"
"600519","600519.SH","2020-08-27","1731.99","1733.98","1705.0","1731.0","2263553.0","3.896759446E9","7.404039","true"
"600519","600519.SH","2020-08-28","1731.0","1764.0","1721.5","1757.0","4229962.0","7.389242302E9","7.404039","true"
"600519","600519.SH","2020-08-31","1770.58","1816.0","1770.58","1786.5","4781036.0","8.60893257E9","7.404039","true"
"600519","600519.SH","2020-09-01","1792.0","1802.0","1775.01","1801.98","3163992.0","5.661594315E9","7.404039","true"
"600519","600519.SH","2020-09-02","1825.0","1828.0","1770.0","1795.0","3200929.0","5.746351923E9","7.404039","true"
"600519","600519.SH","2020-09-03","1795.0","1812.0","1779.7","1793.0","3043735.0","5.47133388E9","7.404039","true"
"600519","600519.SH","2020-09-04","1766.0","1776.99","1746.0","1770.0","3085796.0","5.433479408E9","7.404039","true"
"600519","600519.SH","2020-09-07","1760.0","1777.99","1703.97","1723.5","3111202.0","5.446354619E9","7.404039","true"
"600519","600519.SH","2020-09-08","1732.0","1737.8","1677.07","1711.4","3447237.9999999995","5.865962724E9","7.404039","true"
"600519","600519.SH","2020-09-09","1699.67","1711.0","1680.04","1688.0","2596355.0","4.401806095E9","7.404039","true"
"600519","600519.SH","2020-09-10","1703.74","1720.0","1700.0","1705.8","2477833.0","4.236694402E9","7.404039","true"
"600519","600519.SH","2020-09-11","1688.0","1736.0","1688.0","1733.0","3108800.0","5.339883408E9","7.404039","true"
"600519","600519.SH","2020-09-14","1745.0","1769.0","1730.58","1766.0","3105601.0","5.448188995E9","7.404039","true"
"600519","600519.SH","2020-09-15","1769.99","1769.99","1747.75","1760.0","2082087.0","3.654872009E9","7.404039","true"
"600519","600519.SH","2020-09-16","1760.0","1764.81","1719.0","1725.1","2251598.0","3.916457762E9","7.404039","true"
"600519","600519.SH","2020-09-17","1700.0","1700.0","1658.0","1670.52","6367985.0","1.0683350187E10","7.404039","true"
"600519","600519.SH","2020-09-18","1665.0","1695.0","1635.01","1695.0","4720140.0","7.853673241E9","7.404039","true"
"600519","600519.SH","2020-09-21","1692.76","1692.76","1666.66","1666.8","2244407.0","3.756765108E9","7.404039","true"
"600519","600519.SH","2020-09-22","1650.0","1686.98","1650.0","1665.69","2326547.0","3.890070212E9","7.404039","true"
"600519","600519.SH","2020-09-23","1635.0","1666.01","1621.02","1649.98","3572551.9999999995","5.878691069E9","7.404039","true"
"600519","600519.SH","2020-09-24","1635.97","1658.88","1626.8","1629.32","3005078.0","4.915392273E9","7.404039","true"
"600519","600519.SH","2020-09-25","1630.0","1650.0","1625.0","1635.11","2258296.0","3.700843486E9","7.404039","true"
"600519","600519.SH","2020-09-28","1635.19","1668.5","1635.19","1661.0","2423222.0","4.01964015E9","7.404039","true"
"600519","600519.SH","2020-09-29","1669.33","1669.4","1652.3","1652.3","1743078.0","2.895081366E9","7.404039","true"
"600519","600519.SH","2020-09-30","1660.0","1691.9","1660.0","1668.5","2708781.0","4.53601254E9","7.404039","true"
"600519","600519.SH","2020-10-09","1692.0","1706.42","1688.0","1696.0","3423987.9999999995","5.817280605E9","7.404039","true"
"600519","600519.SH","2020-10-12","1700.0","1750.61","1700.0","1750.61","4372904.0","7.597987786E9","7.404039","true"
"600519","600519.SH","2020-10-13","1750.62","1750.62","1735.0","1739.0","2294389.0","3.995560518E9","7.404039","true"
"600519","600519.SH","2020-10-14","1740.0","1746.98","1726.0","1729.0","2048139.0","3.554316589E9","7.404039","true"
"600519","600519.SH","2020-10-15","1721.13","1735.0","1721.0","1725.0","1620436.0","2.801250556E9","7.404039","true"
"600519","600519.SH","2020-10-16","1725.0","1734.58","1703.0","1712.0","1737738.0","2.991246892E9","7.404039","true"
"600519","600519.SH","2020-10-19","1725.0","1733.98","1691.9","1699.0","1922632.0","3.284383415E9","7.404039","true"
"600519","600519.SH","2020-10-20","1699.99","1734.97","1695.0","1734.0","2773493.0","4.787807536E9","7.404039","true"
"600519","600519.SH","2020-10-21","1734.1","1742.15","1723.0","1733.33","1890137.0","3.27535744E9","7.404039","true"
"600519","600519.SH","2020-10-22","1730.0","1745.0","1715.51","1742.5","2248087.0","3.897729793E9","7.404039","true"
"600519","600519.SH","2020-10-23","1740.78","1747.59","1714.0","1715.33","1929169.0","3.339987454E9","7.404039","true"
"600519","600519.SH","2020-10-26","1619.0","1662.92","1600.0","1643.0","6601528.999999999","1.0821908227E10","7.404039","true"
"600519","600519.SH","2020-10-27","1643.0","1644.0","1616.12","1625.0","4394440.0","7.156688307E9","7.404039","true"
"600519","600519.SH","2020-10-28","1626.0","1677.0","1625.08","1664.81","3463653.0","5.739452181E9","7.404039","true"
"600519","600519.SH","2020-10-29","1654.84","1708.0","1647.0","1676.0","3937376.0","6.633168613E9","7.404039","true"
"600519","600519.SH","2020-10-30","1678.0","1696.0","1665.0","1670.02","2605545.0","4.379602068E9","7.404039","true"
"600519","600519.SH","2020-11-02","1675.0","1695.0","1672.0","1674.01","2106643.0","3.544422245E9","7.404039","true"
"600519","600519.SH","2020-11-03","1684.99","1705.9","1675.5","1695.0","2349749.0","3.976621208E9","7.404039","true"
"600519","600519.SH","2020-11-04","1700.0","1704.0","1685.0","1699.58","1644371.0","2.788396253E9","7.404039","true"
"600519","600519.SH","2020-11-05","1717.0","1732.48","1712.1","1721.9","2352414.0","4.053043271E9","7.404039","true"
"600519","600519.SH","2020-11-06","1730.55","1731.59","1690.0","1700.62","2305153.0","3.932702367E9","7.404039","true"
"600519","600519.SH","2020-11-09","1701.38","1750.68","1700.62","1742.57","4146970.0","7.198679683E9","7.404039","true"
"600519","600519.SH","2020-11-10","1752.92","1764.48","1736.0","1745.0","3018944.0","5.287968173E9","7.404039","true"
"600519","600519.SH","2020-11-11","1745.0","1777.5","1731.0","1731.35","3485073.0000000005","6.122365404E9","7.404039","true"
"600519","600519.SH","2020-11-12","1730.01","1750.0","1722.27","1734.79","2347309.0","4.071729792E9","7.404039","true"
"600519","600519.SH","2020-11-13","1724.0","1728.88","1691.0","1705.0","2815548.0","4.791276459E9","7.404039","true"
"600519","600519.SH","2020-11-16","1711.0","1730.05","1697.26","1730.05","3061349.0","5.247897161E9","7.404039","true"
"600519","600519.SH","2020-11-17","1740.0","1742.35","1701.07","1715.8","2522403.0","4.355288047E9","7.404039","true"
"600519","600519.SH","2020-11-18","1715.0","1720.53","1683.16","1693.65","3517894.9999999995","5.973146815E9","7.404039","true"
"600519","600519.SH","2020-11-19","1684.5","1725.0","1680.6","1720.19","2781576.0","4.767508753E9","7.404039","true"
"600519","600519.SH","2020-11-20","1720.0","1736.0","1712.65","1719.96","2187466.0","3.771894859E9","7.404039","true"
"600519","600519.SH","2020-11-23","1771.01","1809.9","1771.01","1790.21","6663724.000000001","1.1926870595E10","7.404039","true"
"600519","600519.SH","2020-11-24","1769.99","1782.5","1751.47","1763.5","3246536.0","5.736960168E9","7.404039","true"
"600519","600519.SH","2020-11-25","1761.5","1768.88","1724.0","1726.88","2822632.0","4.910540741E9","7.404039","true"
"600519","600519.SH","2020-11-26","1726.0","1739.99","1725.18","1734.39","2322830.0","4.027749313E9","7.404039","true"
"600519","600519.SH","2020-11-27","1732.66","1740.03","1718.0","1737.9","2156861.0","3.737697985E9","7.404039","true"
"600519","600519.SH","2020-11-30","1735.0","1738.9","1713.91","1713.91","3194007.0","5.520322173E9","7.404039","true"
"600519","600519.SH","2020-12-01","1726.0","1738.99","1720.01","1737.0","2819620.0","4.891829153E9","7.404039","true"
"600519","600519.SH","2020-12-02","1746.0","1749.0","1731.0","1738.01","2357169.0","4.101369306E9","7.404039","true"
"600519","600519.SH","2020-12-03","1738.01","1755.66","1732.1","1749.0","2950578.0","5.147357781E9","7.404039","true"
"600519","600519.SH","2020-12-04","1752.0","1800.1","1752.0","1793.11","6249119.0","1.1176048847E10","7.404039","true"
"600519","600519.SH","2020-12-07","1802.7","1840.39","1800.55","1812.4","5833133.0","1.0617305104E10","7.404039","true"
"600519","600519.SH","2020-12-08","1815.0","1875.0","1813.0","1850.0","6145400.0","1.1333352154E10","7.404039","true"
"600519","600519.SH","2020-12-09","1865.95","1866.0","1839.0","1840.0","3115212.0","5.766037609E9","7.404039","true"
"600519","600519.SH","2020-12-10","1840.0","1849.77","1828.0","1832.9","3265354.0","6.009239911E9","7.404039","true"
"600519","600519.SH","2020-12-11","1834.78","1837.32","1804.81","1820.0","3077579.0","5.595359665E9","7.404039","true"
"600519","600519.SH","2020-12-14","1827.77","1829.98","1815.0","1829.0","3305200.0","6.026813428E9","7.404039","true"
"600519","600519.SH","2020-12-15","1833.5","1837.22","1805.0","1816.01","2960497.0","5.383582284E9","7.404039","true"
"600519","600519.SH","2020-12-16","1830.5","1845.67","1820.21","1840.0","3215016.0","5.901298275E9","7.404039","true"
"600519","600519.SH","2020-12-17","1845.5","1868.0","1840.0","1865.51","3603064.0","6.683421886E9","7.404039","true"
"600519","600519.SH","2020-12-18","1851.81","1869.01","1841.08","1845.0","2707698.0","5.020968993E9","7.404039","true"
"600519","600519.SH","2020-12-21","1840.0","1851.23","1837.6","1842.5","3069672.0","5.663526809E9","7.404039","true"
"600519","600519.SH","2020-12-22","1849.97","1898.99","1842.51","1881.0","4065060.0","7.618583444E9","7.404039","true"
"600519","600519.SH","2020-12-23","1897.99","1906.2","1821.02","1841.65","4770609.0","8.901002262E9","7.404039","true"
"600519","600519.SH","2020-12-24","1818.0","1858.88","1795.02","1830.34","3785714.0","6.921989374E9","7.404039","true"
"600519","600519.SH","2020-12-25","1802.99","1847.0","1800.0","1830.0","2308805.0","4.218997634E9","7.404039","true"
"600519","600519.SH","2020-12-28","1826.6","1888.8","1826.05","1873.0","3008037.0","5.616528738E9","7.404039","true"
"600519","600519.SH","2020-12-29","1873.0","1886.8","1855.0","1867.0","2286759.0","4.275994834E9","7.404039","true"
"600519","600519.SH","2020-12-30","1870.0","1933.0","1869.99","1933.0","3445210.0","6.604461376E9","7.404039","true"
"600519","600519.SH","2020-12-31","1941.0","1998.98","1939.0","1998.0","3886007.0","7.682300728E9","7.404039","true"
"600519","600519.SH","2021-01-04","1999.98","2004.99","1983.81","1997.0","4351400.0","8.686920261E9","7.404039","true"
"600519","600519.SH","2021-01-05","1990.0","2059.45","1982.46","2059.45","5211605.0","1.059255737E10","7.404039","true"
"600519","600519.SH","2021-01-06","2064.8","2125.0","2036.03","2100.0","4741020.0","9.882593867E9","7.404039","true"
"600519","600519.SH","2021-01-07","2097.0","2140.0","2075.0","2140.0","3793139.0","7.991178754E9","7.404039","true"
"600519","600519.SH","2021-01-08","2142.0","2150.88","2063.02","2090.0","5386164.0","1.1345202869E10","7.404039","true"
"600519","600519.SH","2021-01-11","2090.0","2150.5","2058.6","2099.73","5107990.0","1.0768565415E10","7.404039","true"
"600519","600519.SH","2021-01-12","2088.0","2160.9","2085.0","2160.9","4105859.0","8.800558288E9","7.404039","true"
"600519","600519.SH","2021-01-13","2164.0","2173.33","2135.0","2164.0","3438993.0","7.418330854E9","7.404039","true"
"600519","600519.SH","2021-01-14","2156.0","2163.0","2116.11","2134.0","3615220.0","7.722089684E9","7.404039","true"
"600519","600519.SH","2021-01-15","2115.0","2134.35","2029.0","2082.0","5950939.0","1.2372103227E10","7.404039","true"
"600519","600519.SH","2021-01-18","2061.06","2091.48","2040.27","2063.0","3914404.0","8.07671579E9","7.404039","true"
"600519","600519.SH","2021-01-19","2073.11","2096.3","2006.85","2009.41","4634519.0","9.479278513E9","7.404039","true"
"600519","600519.SH","2021-01-20","2008.0","2055.49","1982.5","2040.63","4508242.0","9.126453277E9","7.404039","true"
"600519","600519.SH","2021-01-21","2048.0","2090.02","2041.0","2070.0","3831017.0","7.953455967E9","7.404039","true"
"600519","600519.SH","2021-01-22","2069.0","2100.0","2060.1","2079.95","2924761.0","6.090260364E9","7.404039","true"
"600519","600519.SH","2021-01-25","2083.0","2179.5","2083.0","2175.0","5595716.0","1.2029474558E10","7.404039","true"
"600519","600519.SH","2021-01-26","2185.0","2187.0","2125.11","2141.89","3174746.0","6.820173362E9","7.404039","true"
"600519","600519.SH","2021-01-27","2141.89","2141.89","2085.0","2089.0","3712017.0","7.809446387E9","7.404039","true"
"600519","600519.SH","2021-01-28","2080.0","2109.66","2060.02","2088.0","3512864.0","7.337084455E9","7.404039","true"
"600519","600519.SH","2021-01-29","2101.19","2149.48","2090.22","2116.18","3370133.0","7.166179277E9","7.404039","true"
"600519","600519.SH","2021-02-01","2130.0","2160.0","2095.0","2109.32","2934059.0","6.219639111E9","7.404039","true"
"600519","600519.SH","2021-02-02","2112.22","2149.99","2102.1","2145.0","3458225.0","7.372233582E9","7.404039","true"
"600519","600519.SH","2021-02-03","2150.0","2198.27","2140.0","2189.91","3871415.0","8.384049314E9","7.404039","true"
"600519","600519.SH","2021-02-04","2191.0","2330.0","2191.0","2320.85","6385101.0","1.4596930188E10","7.404039","true"
"600519","600519.SH","2021-02-05","2325.0","2364.6","2291.0","2313.0","3972906.0","9.253566205E9","7.404039","true"
"600519","600519.SH","2021-02-08","2337.0","2378.88","2313.0","2368.8","3578573.0000000005","8.420758625E9","7.404039","true"
"600519","600519.SH","2021-02-09","2368.8","2456.43","2350.0","2456.43","3329655.0000000005","7.972930045E9","7.404039","true"
"600519","600519.SH","2021-02-10","2485.0","2601.2","2485.0","2601.0","6137057.0","1.5675929714E10","7.404039","true"
"600519","600519.SH","2021-02-18","2587.98","2627.88","2465.0","2471.0","6591232.000000001","1.6704135269E10","7.404039","true"
"600519","600519.SH","2021-02-19","2451.16","2496.66","2381.6","2460.0","5938546.0","1.4525164525E10","7.404039","true"
"600519","600519.SH","2021-02-22","2455.0","2455.0","2278.22","2288.02","7893547.0","1.8498777223E10","7.404039","true"
"600519","600519.SH","2021-02-23","2265.14","2344.89","2265.0","2307.0","5745460.0","1.3316110795E10","7.404039","true"
"600519","600519.SH","2021-02-24","2307.99","2318.0","2160.5","2189.0","8211578.0","1.8195034445E10","7.404039","true"
"600519","600519.SH","2021-02-25","2209.0","2224.5","2121.21","2150.0","5972643.0","1.2982145755E10","7.404039","true"
"600519","600519.SH","2021-02-26","2100.0","2179.95","2067.3","2122.78","6652506.0","1.4097015494E10","7.404039","true"
"600519","600519.SH","2021-03-01","2179.0","2179.0","2120.0","2158.0","4491626.0","9.686945529E9","7.404039","true"
"600519","600519.SH","2021-03-02","2180.0","2180.0","2033.0","2058.0","7076450.0","1.4796698646E10","7.404039","true"
"600519","600519.SH","2021-03-03","2040.0","2149.77","2033.0","2140.0","5421546.0","1.1366685429E10","7.404039","true"
"600519","600519.SH","2021-03-04","2095.0","2096.0","2010.1","2033.0","6508829.0","1.3297304316E10","7.404039","true"
"600519","600519.SH","2021-03-05","2000.0","2095.0","1988.0","2060.11","6377920.0","1.3100315985E10","7.404039","true"
"600519","600519.SH","2021-03-08","2074.96","2085.0","1960.0","1960.0","6309959.0","1.272424599E10","7.404039","true"
"600519","600519.SH","2021-03-09","1955.0","2000.0","1900.18","1936.99","8226581.0","1.6100769579E10","7.404039","true"
"600519","600519.SH","2021-03-10","1977.0","1999.87","1967.0","1970.01","5117174.0","1.0136910284E10","7.404039","true"
"600519","600519.SH","2021-03-11","1975.0","2079.99","1961.48","2048.0","5676897.0","1.1521736384E10","7.404039","true"
"600519","600519.SH","2021-03-12","2070.0","2077.0","2002.01","2026.0","4032251.0","8.181594631E9","7.404039","true"
"600519","600519.SH","2021-03-15","2050.0","2069.8","1951.15","1975.45","6248487.0","1.2459955712E10","7.404039","true"
"600519","600519.SH","2021-03-16","1974.93","2019.99","1965.0","2010.5","3464850.0","6.918600717E9","7.404039","true"
"600519","600519.SH","2021-03-17","2000.0","2050.0","1976.01","2030.36","3137491.0","6.352656523E9","7.404039","true"
"600519","600519.SH","2021-03-18","2035.0","2086.36","2035.0","2069.7","3386487.9999999995","6.997030294E9","7.404039","true"
"600519","600519.SH","2021-03-19","2035.0","2043.0","1992.23","2010.0","3578076.9999999995","7.211521835E9","7.404039","true"
"600519","600519.SH","2021-03-22","2000.1","2026.09","1955.55","1989.99","3691407.0","7.323391311E9","7.404039","true"
"600519","600519.SH","2021-03-23","1998.88","2008.8","1970.0","1996.0","2744619.0","5.459520703E9","7.404039","true"
"600519","600519.SH","2021-03-24","1981.0","2013.0","1981.0","1989.0","2935739.0","5.85784816E9","7.404039","true"
"600519","600519.SH","2021-03-25","1970.01","1988.88","1946.8","1971.0","3157523.0","6.216733244E9","7.404039","true"
"600519","600519.SH","2021-03-26","1985.0","2022.0","1958.0","2013.0","5001642.0","9.987629444E9","7.404039","true"
"600519","600519.SH","2021-03-29","2043.2","2096.35","2026.15","2034.1","5699220.0","1.1740129413E10","7.404039","true"
"600519","600519.SH","2021-03-30","2040.0","2086.0","2035.08","2056.05","3262697.0","6.71749335E9","7.404039","true"
"600519","600519.SH","2021-03-31","2045.1","2046.02","2000.0","2009.0","3715441.000000001","7.489086233E9","7.404039","true"
"600519","600519.SH","2021-04-01","2021.0","2046.8","2001.22","2044.5","2658763.0","5.37977587E9","7.404039","true"
"600519","600519.SH","2021-04-02","2056.0","2165.0","2056.0","2162.0","5202757.0","1.0981752658E10","7.404039","true"
"600519","600519.SH","2021-04-06","2161.0","2161.98","2102.3","2126.03","3274177.0","6.967525037E9","7.404039","true"
"600519","600519.SH","2021-04-07","2104.06","2117.3","2050.0","2061.0","4020097.0","8.317799925E9","7.404039","true"
"600519","600519.SH","2021-04-08","2047.03","2079.0","2044.0","2070.0","2854762.0","5.893307514E9","7.404039","true"
"600519","600519.SH","2021-04-09","2042.0","2054.0","2005.01","2020.0","2880886.0","5.832453812E9","7.404039","true"
"600519","600519.SH","2021-04-12","2011.0","2030.0","1991.7","2008.89","3194307.0","6.409917318E9","7.404039","true"
"600519","600519.SH","2021-04-13","2020.0","2049.8","2009.0","2021.0","2899215.0","5.883787293E9","7.404039","true"
"600519","600519.SH","2021-04-14","2035.0","2048.0","2016.0","2047.0","2411465.0","4.908790023E9","7.404039","true"
"600519","600519.SH","2021-04-15","2030.9","2046.9","1990.0","2015.6","3436621.0","6.90376949E9","7.404039","true"
"600519","600519.SH","2021-04-16","2025.08","2068.0","2012.0","2054.98","3029370.0","6.183895054E9","7.404039","true"
"600519","600519.SH","2021-04-19","2055.0","2098.36","2033.0","2088.0","3175391.0","6.610577917E9","7.404039","true"
"600519","600519.SH","2021-04-20","2071.1","2129.0","2070.0","2094.8","2829037.0","5.949669953E9","7.404039","true"
"600519","600519.SH","2021-04-21","2076.0","2097.8","2065.1","2080.0","2614975.0","5.446145952E9","7.404039","true"
"600519","600519.SH","2021-04-22","2089.9","2099.0","2051.5","2055.5","2685002.0","5.539295656E9","7.404039","true"
"600519","600519.SH","2021-04-23","2055.97","2119.88","2052.5","2108.94","3346276.9999999995","7.002695288E9","7.404039","true"
"600519","600519.SH","2021-04-26","2132.0","2135.0","2073.6","2077.82","3404511.0","7.160836874E9","7.404039","true"
"600519","600519.SH","2021-04-27","2087.08","2095.25","2065.09","2094.44","2210785.0","4.607779002E9","7.404039","true"
"600519","600519.SH","2021-04-28","2010.0","2047.5","2003.0","2042.0","8134295.0","1.6463574637E10","7.404039","true"
"600519","600519.SH","2021-04-29","2047.04","2049.94","2014.0","2026.36","4128378.0","8.370431228E9","7.404039","true"
"600519","600519.SH","2021-04-30","2026.0","2036.0","2003.71","2006.78","3840137.000000001","7.723747038E9","7.404039","true"
"600519","600519.SH","2021-05-06","2000.0","2006.84","1953.0","1959.0","5354614.0","1.0584968907E10","7.404039","true"
"600519","600519.SH","2021-05-07","1965.0","1967.98","1901.0","1903.0","5249339.0","1.0101703446E10","7.404039","true"
"600519","600519.SH","2021-05-10","1900.0","1909.0","1866.01","1879.03","4600318.0","8.677753608E9","7.404039","true"
"600519","600519.SH","2021-05-11","1876.0","1966.0","1873.3","1959.0","4249412.0","8.209251914E9","7.404039","true"
"600519","600519.SH","2021-05-12","1949.08","1999.0","1949.0","1984.0","3269887.0","6.473203286E9","7.404039","true"
"600519","600519.SH","2021-05-13","1965.75","1985.05","1953.0","1971.5","2507751.0","4.934954969E9","7.404039","true"
"600519","600519.SH","2021-05-14","1982.0","2030.5","1976.0","2009.85","3561129.0","7.150302044E9","7.404039","true"
"600519","600519.SH","2021-05-17","2025.1","2085.2","2025.1","2057.96","4452400.0","9.178509985E9","7.404039","true"
"600519","600519.SH","2021-05-18","2065.0","2077.0","2045.06","2059.31","1750428.0","3.595891742E9","7.404039","true"
"600519","600519.SH","2021-05-19","2059.0","2074.81","2040.0","2049.0","2240972.0","4.606452358E9","7.404039","true"
"600519","600519.SH","2021-05-20","2074.0","2074.1","2045.36","2058.88","2185716.0","4.500663211E9","7.404039","true"
"600519","600519.SH","2021-05-21","2055.08","2079.88","2037.02","2042.1","2424823.0","4.976601458E9","7.404039","true"
"600519","600519.SH","2021-05-24","2051.0","2080.06","2031.0","2071.29","3254808.0","6.705879397E9","7.404039","true"
"600519","600519.SH","2021-05-25","2085.0","2200.1","2085.0","2194.5","6775695.0","1.463671875E10","7.404039","true"
"600519","600519.SH","2021-05-26","2207.98","2241.8","2193.08","2220.0","3860420.0","8.558038174000001E9","7.404039","true"
"600519","600519.SH","2021-05-27","2211.02","2320.0","2201.1","2245.0","4537338.0","1.024036898E10","7.404039","true"
"600519","600519.SH","2021-05-28","2240.97","2250.0","2205.51","2230.0","2580731.0","5.741331986E9","7.404039","true"
"600519","600519.SH","2021-05-31","2215.5","2218.35","2172.0","2218.0","3173900.0","6.96086426E9","7.404039","true"
"600519","600519.SH","2021-06-01","2222.0","2248.95","2206.0","2240.95","3061634.0","6.832594466E9","7.404039","true"
"600519","600519.SH","2021-06-02","2250.0","2264.0","2208.18","2222.0","2286277.0","5.088908384E9","7.404039","true"
"600519","600519.SH","2021-06-03","2220.0","2260.34","2210.08","2222.22","2345031.0","5.242453019E9","7.404039","true"
"600519","600519.SH","2021-06-04","2215.0","2288.0","2214.04","2251.5","3142219.0","7.058715115E9","7.404039","true"
"600519","600519.SH","2021-06-07","2265.0","2279.0","2240.01","2271.0","2546627.0","5.756592694E9","7.404039","true"
"600519","600519.SH","2021-06-08","2260.0","2279.99","2161.15","2191.0","4731363.0","1.0479943156E10","7.404039","true"
"600519","600519.SH","2021-06-09","2192.0","2214.0","2160.11","2199.5","2550235.0","5.591378817E9","7.404039","true"
"600519","600519.SH","2021-06-10","2195.0","2251.37","2190.08","2238.48","2556663.0","5.707338424E9","7.404039","true"
"600519","600519.SH","2021-06-11","2239.0","2244.0","2178.81","2178.81","3397066.0000000005","7.513797036E9","7.404039","true"
"600519","600519.SH","2021-06-15","2195.1","2208.88","2148.0","2193.0","2936130.0","6.412821567E9","7.404039","true"
"600519","600519.SH","2021-06-16","2192.0","2195.0","2148.0","2158.0","2759315.0","5.978924528E9","7.404039","true"
"600519","600519.SH","2021-06-17","2155.65","2188.0","2144.36","2156.91","2106753.0","4.558702643E9","7.404039","true"
"600519","600519.SH","2021-06-18","2147.0","2156.5","2065.0","2090.94","5402821.0","1.1329180836E10","7.404039","true"
"600519","600519.SH","2021-06-21","2085.0","2099.69","2050.0","2081.64","3548826.0","7.367986471E9","7.404039","true"
"600519","600519.SH","2021-06-22","2092.0","2098.0","2053.89","2074.97","3322818.0","6.900830616E9","7.404039","true"
"600519","600519.SH","2021-06-23","2080.0","2083.0","2034.15","2038.0","3707901.0","7.596735684E9","7.404039","true"
"600519","600519.SH","2021-06-24","2040.01","2080.0","2021.0","2068.05","3147370.0","6.452557073E9","7.404039","true"
"600519","600519.SH","2021-06-25","2049.96","2109.0","2042.6","2092.0","3587543.0","7.459680452E9","7.473751","true"
"600519","600519.SH","2021-06-28","2100.0","2118.0","2073.0","2103.01","2745242.0","5.750241214E9","7.473751","true"
"600519","600519.SH","2021-06-29","2108.0","2115.0","2051.0","2062.0","3303062.9999999995","6.835635172E9","7.473751","true"
"600519","600519.SH","2021-06-30","2065.0","2074.0","2046.3","2056.7","2191566.0","4.511484217E9","7.473751","true"
"600519","600519.SH","2021-07-01","2059.97","2110.0","2031.6","2105.0","3370124.0","6.970730878E9","7.473751","true"
"600519","600519.SH","2021-07-02","2075.0","2075.0","2011.5","2013.0","4627531.0","9.388640194E9","7.473751","true"
"600519","600519.SH","2021-07-05","2000.0","2019.88","1985.0","1994.0","3442094.9999999995","6.872797768E9","7.473751","true"
